mean_fit_time,std_fit_time,mean_score_time,std_score_time,param_n_estimators,param_min_samples_split,param_min_samples_leaf,param_max_features,param_max_depth,params,split0_test_score,split1_test_score,split2_test_score,mean_test_score,std_test_score,rank_test_score
0.7021058400472006,0.009207206663494293,0.15251938501993814,0.0024678652981489782,800,5,2,sqrt,25,"{'n_estimators': 800, 'min_samples_split': 5, 'min_samples_leaf': 2, 'max_features': 'sqrt', 'max_depth': 25}",-6.075693587753198,-2.3932126820883473,-1.2247182917147366,-3.2312081871854272,2.067150644504982,2
0.16342647870381674,0.000711569195350276,0.037299394607543945,8.545102815755908e-05,200,100,2,auto,25,"{'n_estimators': 200, 'min_samples_split': 100, 'min_samples_leaf': 2, 'max_features': 'auto', 'max_depth': 25}",-17.092970805925134,-10.531802110290258,-9.195572784776171,-12.273448566997189,3.451301509211826,5
0.4235850175221761,0.001614902479381658,0.0939336617787679,0.0006015610328876407,500,5,1,sqrt,20,"{'n_estimators': 500, 'min_samples_split': 5, 'min_samples_leaf': 1, 'max_features': 'sqrt', 'max_depth': 20}",-5.294483243124971,-2.0339245964507002,-1.0374149488421154,-2.7886075961392627,1.8180240992281118,1
0.3535391489664714,0.0010596034335708055,0.07549254099527995,0.000963176483010009,400,15,2,auto,20,"{'n_estimators': 400, 'min_samples_split': 15, 'min_samples_leaf': 2, 'max_features': 'auto', 'max_depth': 20}",-9.6916373982393,-2.37814150210426,-1.0123877129566592,-4.360722204433406,3.810539196824657,3
0.6488529046376547,0.003406066058328104,0.14708654085795084,0.0018729228240821675,800,15,10,sqrt,25,"{'n_estimators': 800, 'min_samples_split': 15, 'min_samples_leaf': 10, 'max_features': 'sqrt', 'max_depth': 25}",-13.981657567243701,-7.003455747588246,-4.903670181894393,-8.62959449890878,3.8803530055095092,4
