mean_fit_time,std_fit_time,mean_score_time,std_score_time,param_n_estimators,param_min_samples_split,param_min_samples_leaf,param_max_features,param_max_depth,params,split0_test_score,split1_test_score,split2_test_score,mean_test_score,std_test_score,rank_test_score
0.6807269255320231,0.016288786747684626,0.15254720052083334,0.00032182412613000603,800,5,2,sqrt,25,"{'n_estimators': 800, 'min_samples_split': 5, 'min_samples_leaf': 2, 'max_features': 'sqrt', 'max_depth': 25}",-6.28023611393289,-2.4401764967859263,-1.34166612241645,-3.3540262443784226,2.1171851456053346,2
0.16344173749287924,0.000740560661018482,0.03856031099955241,0.0002654920028959876,200,100,2,auto,25,"{'n_estimators': 200, 'min_samples_split': 100, 'min_samples_leaf': 2, 'max_features': 'auto', 'max_depth': 25}",-17.844978926190723,-10.924671848264676,-7.842172883998757,-12.203941219484719,4.182617184852432,5
0.427535613377889,0.0010940769657126195,0.09717806180318196,0.0003896207179339496,500,5,1,sqrt,20,"{'n_estimators': 500, 'min_samples_split': 5, 'min_samples_leaf': 1, 'max_features': 'sqrt', 'max_depth': 20}",-5.057090717338506,-1.988972939583737,-0.9525290613173016,-2.666197572746515,1.7427624622691653,1
0.34854475657145184,0.002159989179723663,0.07599512736002605,0.001031135636574236,400,15,2,auto,20,"{'n_estimators': 400, 'min_samples_split': 15, 'min_samples_leaf': 2, 'max_features': 'auto', 'max_depth': 20}",-9.597535957084471,-2.3747203666864194,-1.0308719596407634,-4.334376094470551,3.7618365142442873,3
0.6515208085378011,0.001533705590502443,0.15020831425984701,0.0005594436738283843,800,15,10,sqrt,25,"{'n_estimators': 800, 'min_samples_split': 15, 'min_samples_leaf': 10, 'max_features': 'sqrt', 'max_depth': 25}",-13.734780548913003,-7.254427276703106,-5.009370190933817,-8.666192672183309,3.6993700029139327,4
