{
    "MAE": 61.99253550617825,
    "MSE": 7228.8041220060995,
    "RMSE": 85.02237424352545
}