{
    "MAE": 61.395513599687106,
    "MSE": 6810.09120940852,
    "RMSE": 82.52327677333541
}