{
    "MAE": 0.943450255108279,
    "MSE": 7.918870083515386,
    "RMSE": 2.814048699563564
}