{
    "MAE": 58.15556680003702,
    "MSE": 6475.513553179247,
    "RMSE": 80.4705756980727
}