mean_fit_time,std_fit_time,mean_score_time,std_score_time,param_n_estimators,param_min_samples_split,param_min_samples_leaf,param_max_features,param_max_depth,params,split0_test_score,split1_test_score,split2_test_score,split3_test_score,mean_test_score,std_test_score,rank_test_score
0.7094842791557312,0.02114363858099331,0.15709972381591797,0.003169960291469652,800,5,2,sqrt,25,"{'n_estimators': 800, 'min_samples_split': 5, 'min_samples_leaf': 2, 'max_features': 'sqrt', 'max_depth': 25}",-6.605954959827753,-2.6054225736792853,-3.22134838531108,-1.4981195584238765,-3.4827113693104987,1.9059906493665242,2
0.16925048828125,0.0011075424779273574,0.03918635845184326,0.000287935498266676,200,100,2,auto,25,"{'n_estimators': 200, 'min_samples_split': 100, 'min_samples_leaf': 2, 'max_features': 'auto', 'max_depth': 25}",-14.778094942041866,-5.389257331394829,-7.366735488713314,-2.6890399111746217,-7.555781918331157,4.488222101095105,4
0.4332796335220337,0.0014476590053662415,0.09789121150970459,0.0015394733115255085,500,5,1,sqrt,20,"{'n_estimators': 500, 'min_samples_split': 5, 'min_samples_leaf': 1, 'max_features': 'sqrt', 'max_depth': 20}",-5.867549432981741,-2.380735067847436,-2.653667749703461,-1.0819786715608828,-2.99598273052338,1.7610377691090595,1
0.359172523021698,0.0015968141904099207,0.07690280675888062,0.000675324073738088,400,15,2,auto,20,"{'n_estimators': 400, 'min_samples_split': 15, 'min_samples_leaf': 2, 'max_features': 'auto', 'max_depth': 20}",-12.467999819195335,-2.3509785590098664,-2.8032908762413893,-0.7573863661393612,-4.5949139051464885,4.608613086872688,3
0.662251889705658,0.00383219107902871,0.15290099382400513,0.0005888693813820374,800,15,10,sqrt,25,"{'n_estimators': 800, 'min_samples_split': 15, 'min_samples_leaf': 10, 'max_features': 'sqrt', 'max_depth': 25}",-15.238995534763315,-8.577254063919261,-4.492297694530109,-4.986329622167162,-8.323719228844961,4.292530916026247,5
