mean_fit_time,std_fit_time,mean_score_time,std_score_time,param_n_estimators,param_min_samples_split,param_min_samples_leaf,param_max_features,param_max_depth,params,split0_test_score,split1_test_score,split2_test_score,split3_test_score,mean_test_score,std_test_score,rank_test_score
0.909031093120575,0.25283304394512934,0.1721954345703125,0.0007890475752624479,800,5,2,sqrt,25,"{'n_estimators': 800, 'min_samples_split': 5, 'min_samples_leaf': 2, 'max_features': 'sqrt', 'max_depth': 25}",-6.716963538280154,-2.771321805129484,-3.263606833189201,-1.536223189195274,-3.572028841448528,1.9216773138505374,2
0.1903180480003357,0.002213417637856824,0.043669164180755615,0.0002057122956374277,200,100,2,auto,25,"{'n_estimators': 200, 'min_samples_split': 100, 'min_samples_leaf': 2, 'max_features': 'auto', 'max_depth': 25}",-14.619241341012051,-5.562151085629851,-7.111487232615612,-2.7937458401167663,-7.5216563748435705,4.379975744226619,4
0.4761088490486145,0.012390752153279089,0.10856431722640991,0.0027764571495583834,500,5,1,sqrt,20,"{'n_estimators': 500, 'min_samples_split': 5, 'min_samples_leaf': 1, 'max_features': 'sqrt', 'max_depth': 20}",-5.747454856016964,-2.592071875121096,-2.7124597617544377,-1.2308085982714412,-3.0706987727909847,1.6513356623944138,1
0.3843883275985718,0.002155956899563414,0.08319127559661865,0.00047847898771942286,400,15,2,auto,20,"{'n_estimators': 400, 'min_samples_split': 15, 'min_samples_leaf': 2, 'max_features': 'auto', 'max_depth': 20}",-12.460662732869656,-2.2555153084595077,-2.8429703315214456,-0.7562232995107772,-4.578842918090346,4.613746014885072,3
0.7070863842964172,0.002304029091537288,0.16656577587127686,0.001813576103833181,800,15,10,sqrt,25,"{'n_estimators': 800, 'min_samples_split': 15, 'min_samples_leaf': 10, 'max_features': 'sqrt', 'max_depth': 25}",-15.593266504494677,-8.541902072418765,-4.607940207376392,-4.771018247126008,-8.37853175785396,4.452824993604718,5
